comuna,apruebo,rechazo,votos_en_blanco_2022,votos_nulos_2022,a_favor,en_contra,votos_en_blanco_2023,votos_nulos_2023,numero_de_personas_segun_proyecciones_de_poblacion,numero_de_personas_en_situacion_de_pobreza_por_ingresos,porcentaje_de_personas_en_situacion_de_pobreza_por_ingresos_2022,pacto,partido,grupo_edad_unido,poblacion_censada.x,hombres,mujeres,porcentaje_hombres,porcentaje_mujeres,poblacion_censada.y,nunca_asistio,diferencial,parvularia,basica,media,superior,nivel_educativo_no_declarado,escolaridad_promedio_hombres_18_mas,escolaridad_promedio_mujeres_18_mas
Algarrobo,5128,8849,69,261,6766,7264,162,505,15724,953,0.06063867952141082,Chile Vamos,Union Democrata Independiente,3,3316,1538,1778,46.38,53.62,16076,463,58,575,3180,5553,6062,185,12.9,12.7
Alhue,1807,3264,38,101,1962,3097,85,226,7691,739,0.09612156911785098,Unidos Por La Dignidad,Partido Democrata Cristiano,1,1764,874,890,49.55,50.45,7768,427,12,390,2375,3063,1481,20,10.8,11
Alto Biobio,1263,3265,93,140,2013,1990,199,356,6784,1500,0.2211119832696153,Unidad Por El Apruebo,Partido Por La Democracia,1,1377,664,713,48.22,51.78,6016,751,36,214,2498,1984,533,0,8.4,8.5
Alto Hospicio,14219,37299,274,977,24231,28564,664,2594,138527,21144,0.1526343951969381,Unidos Por La Dignidad,Partido Democrata Cristiano,1,38481,19380,19101,50.36,49.64,142086,5508,888,9262,37348,64848,23283,949,11.4,11.4
Alto del Carmen,1324,2679,32,69,1510,2245,94,221,5763,868,0.1506112891152991,Unidad Por El Apruebo,Partido Radical De Chile,3,1036,543,493,52.41,47.59,4788,293,10,149,1684,2040,594,18,9.5,10
Ancud,10265,21746,259,473,13729,16253,785,1537,42489,2348,0.05525791917356562,Independientes,Independientes,3,8804,4278,4526,48.59,51.41,40949,1108,230,1704,13533,15550,8637,187,10.7,11
Andacollo,4425,5192,102,186,2984,6262,190,444,11819,1235,0.1045025470539818,Independientes,Independientes,3,2445,1222,1223,49.98,50.02,11566,416,25,486,3702,4796,2125,16,10.5,10.8
Angol,7786,32045,182,520,23900,14851,465,1404,56542,5104,0.09026620950091796,Chile Vamos,Independientes-Lista Xx,1,10903,5298,5605,48.59,51.41,53022,1860,276,2654,14914,20558,12465,295,11,11.3
Antofagasta,93293,144366,1497,4348,93648,138986,3175,9972,438942,31748,0.07232800117803247,Independientes,Independientes,1,104739,52940,51799,50.54,49.46,401096,11718,2014,18122,79160,158525,128545,3012,12.8,12.6
Antuco,945,2659,26,67,1683,1748,63,175,4318,624,0.1445153956231243,Independientes,Independientes,3,961,469,492,48.8,51.2,4373,159,12,151,1494,1668,866,23,10.4,10.6
Arauco,6888,20894,182,428,13276,13635,449,1222,38861,3574,0.09196337778997375,Independientes,Independientes,2,7557,3581,3976,47.39,52.61,37163,1461,185,2006,11907,12815,8740,49,10.8,11
Arica,47629,94555,925,3331,63561,75776,2081,6484,253909,23195,0.09135003106037655,Frente Amplio,Partido Liberal De Chile,1,56642,29032,27610,51.26,48.74,241653,6944,1322,11798,51384,96160,71908,2137,12.3,12.3
Aysen,5916,10317,130,239,6376,9291,383,758,25100,1325,0.05279856301700174,Unidad Por El Apruebo,Independientes-Lista K,2,5239,2630,2609,50.2,49.8,23170,674,112,1167,7109,8403,5544,161,11.1,11.4
Buin,27800,45754,455,954,33145,40972,943,2364,114827,5107,0.04447211428019435,Chile Vamos,Union Democrata Independiente,2,27209,13182,14027,48.45,51.55,116969,4295,689,6054,28173,39592,37362,804,12.3,12.3
Bulnes,4087,13865,140,263,10143,7340,348,829,22711,2894,0.1274120374413699,Independientes,Independientes,3,5163,2484,2679,48.11,51.89,23863,885,113,1051,8174,8938,4647,55,10.4,10.6
Cabildo,6292,9537,128,253,5475,9659,274,639,20747,1853,0.089311136082706,Unidos Por La Dignidad,Partido Democrata Cristiano,1,4051,2008,2043,49.57,50.43,20015,828,119,909,6357,7874,3896,32,10.4,10.8
Cabo de Hornos(Ex-Navarino),298,813,0,2,559,426,11,28,1977,23,0.01186221304315507,Unidos Por La Dignidad,Partido Democrata Cristiano,2,489,254,235,51.94,48.06,1750,19,1,167,363,467,722,11,13.6,13.7
Cabrero,4554,18448,159,306,12764,9873,408,1007,30973,3206,0.1035195465766158,Independientes,Independientes,3,6611,3247,3364,49.12,50.88,31256,1485,95,1258,10072,12096,6231,19,10.5,10.6
Calama,29751,72479,521,1996,44658,54405,1165,4495,194772,15861,0.08143143364954893,Chile Digno Verde Y Soberano,Federacion Regionalista Verde Social,1,40525,20504,20021,50.6,49.4,166334,6260,770,6947,35489,69100,46192,1576,12.5,12.2
Calbuco,6813,19262,253,400,12569,12345,855,1322,37293,3174,0.08510298443700641,Independientes,Independientes,1,7571,3848,3723,50.83,49.17,36474,1465,91,1567,14521,13013,5726,91,9.9,10
Caldera,5993,7000,104,190,4658,8055,181,547,19782,813,0.04111121416646405,Unidad Por El Apruebo,Partido Por La Democracia,1,3980,2015,1965,50.63,49.37,18805,466,81,933,4725,7719,4726,155,11.6,11.8
Calera,16599,21650,255,730,13770,23379,517,1570,53820,3817,0.07091313623489373,Independientes,Independientes,1,10873,5435,5438,49.99,50.01,50631,1499,344,2294,12880,21055,12202,357,11.4,11.4
Calera de Tango,7078,13256,126,274,9682,9963,262,604,29640,1033,0.0348457722236984,Chile Vamos,Union Democrata Independiente,1,5404,2774,2630,51.33,48.67,25491,770,117,1078,6386,9078,7900,162,12.1,12.1
Calle Larga,3839,6820,57,158,4120,6490,115,347,17225,1205,0.06996361770481122,Unidad Por El Apruebo,Partido Socialista De Chile,2,3622,1746,1876,48.21,51.79,16597,482,92,813,4450,6532,4164,64,11.7,11.9
Camarones,571,1269,10,32,682,850,13,55,1242,156,0.1258451737359476,Unidos Por La Dignidad,Partido Democrata Cristiano,3,217,104,113,47.93,52.07,861,45,4,19,272,383,137,1,9.9,10.1
Camina,202,1432,6,15,890,417,10,37,1380,332,0.2403646850427617,Independientes,Independientes,1,248,106,142,42.74,57.26,1335,91,4,78,614,437,109,2,9.1,8.7
Canela,3482,4113,89,113,2784,4440,206,304,9535,1555,0.1631210174806921,Chile Digno Verde Y Soberano,Partido Comunista De Chile,3,2073,1026,1047,49.49,50.51,9639,662,20,287,4316,3051,1280,23,9.1,9
Canete,5615,19848,180,347,14091,10387,366,1175,37296,4950,0.1327324636700346,Chile Vamos,Renovacion Nacional,2,7025,3237,3788,46.08,53.92,34640,1779,154,1453,12476,11954,6783,41,10.2,10.4
Carahue,4753,14560,160,271,9885,8275,405,950,25516,4571,0.1791262112929498,Chile Vamos,Union Democrata Independiente,3,4850,2432,2418,50.14,49.86,24957,1243,118,1088,9850,8973,3555,130,9.4,9.8
Cartagena,6924,9966,106,313,7284,10155,232,717,26416,1961,0.0742176240862708,Unidad Por El Apruebo,Partido Por La Democracia,3,4728,2253,2475,47.65,52.35,24599,801,164,947,6966,11073,4470,178,10.8,10.9
Casablanca,6814,13624,134,382,9484,10942,298,877,30028,2468,0.08220609441285881,Frente Amplio,Revolucion Democratica,1,6281,3182,3099,50.66,49.34,29876,884,176,1488,7797,11713,7535,283,11.5,11.7
Castro,12453,21064,278,545,13670,18231,792,1735,48336,1559,0.03226115623962791,Chile Vamos,Independientes-Lista Xx,2,10772,5155,5617,47.86,52.14,46997,1196,287,1945,13569,17820,11870,310,11.6,11.5
Catemu,3595,7294,86,153,4453,6133,207,423,15528,1870,0.1204219901044855,Independientes,Independientes,2,2789,1342,1447,48.12,51.88,13760,453,67,607,4503,5791,2293,46,10.2,10.6
Cauquenes,5927,26604,179,397,19459,12004,419,1335,44334,5130,0.1157221024864185,Independientes,Independientes,3,8492,3930,4562,46.28,53.72,42798,1893,238,1889,14436,15530,8723,89,10.2,10.7
Cerrillos,25821,30327,337,840,20714,32624,597,1758,89907,4701,0.05228701117757076,Independientes,Independientes,1,19939,10008,9931,50.19,49.81,85041,2444,717,4159,19804,34537,22327,1053,11.9,11.7
Cerro Navia,46196,49983,571,1584,31696,58753,1173,3420,141122,8486,0.06013533802509001,Independientes,Independientes,1,29126,14872,14254,51.06,48.94,127250,4464,1081,5600,35861,58217,20807,1220,10.8,10.6
Chaiten,859,2251,48,33,1523,1343,134,176,5052,452,0.08950986712718918,Unidad Por El Apruebo,Independientes-Lista K,2,876,447,429,51.03,48.97,4025,187,6,145,1514,1280,831,62,10.3,10.6
Chanaral,4477,4730,67,154,2808,5797,127,367,13094,1501,0.1146199488480459,Unidad Por El Apruebo,Partido Radical De Chile,1,2589,1374,1215,53.07,46.93,12345,329,104,643,3409,5301,2493,66,11.2,11.3
Chanco,1605,6546,47,97,4812,2700,132,424,9287,1329,0.1431555836782915,Unidad Por El Apruebo,Partido Radical De Chile,3,2103,1073,1030,51.02,48.98,9446,491,19,352,4242,2933,1408,1,9.1,9.7
Chepica,3024,9665,82,154,6911,5294,257,555,16080,1426,0.08865056438840242,Unidad Por El Apruebo,Partido Socialista De Chile,3,3252,1590,1662,48.89,51.11,15668,838,87,640,5933,5546,2618,6,9.6,10.1
Chiguayante,23653,37090,365,1140,24276,34360,736,2625,91687,5236,0.05710676982139559,Unidad Por El Apruebo,Partido Socialista De Chile,1,18764,9311,9453,49.62,50.38,85822,2010,467,3610,17525,29206,32760,244,13,12.7
Chile Chico,1448,1948,31,47,1305,1886,108,170,5143,319,0.06202078241138624,Independientes,Independientes,2,1060,512,548,48.3,51.7,4905,151,15,241,1594,1611,1266,27,10.8,11.2
Chillan,42861,92845,702,1785,67861,65176,1645,4919,202038,21239,0.1051217978621383,Unidad Por El Apruebo,Partido Por La Democracia,1,40612,19930,20682,49.07,50.93,190382,5183,1175,8769,44228,67752,62416,859,12.3,12.3
Chillan Viejo,6182,15036,105,294,11033,10149,297,853,34933,2985,0.08546019802774647,Independientes,Independientes,1,7023,3443,3580,49.02,50.98,32688,957,212,1517,8418,13300,8171,113,11.5,11.7
Chimbarongo,7853,20253,193,412,12948,14375,426,1355,38164,3254,0.08525440862625479,Chile Vamos,Independientes-Lista Xx,3,7734,3833,3901,49.56,50.44,37258,1418,232,1728,13498,13946,6378,58,10.1,10.5
Cholchol,2479,6990,66,184,4701,4503,174,583,12539,2469,0.1968788132237581,Independientes,Independientes,1,2542,1239,1303,48.74,51.26,13167,717,41,621,5048,4757,1935,48,9.6,9.9
Chonchi,3663,7449,89,122,4232,6325,407,628,16180,1501,0.09279663915861067,Chile Vamos,Renovacion Nacional,2,3595,1766,1829,49.12,50.88,16078,511,83,583,6281,5511,3045,64,10.4,10.4
Cisnes,1113,2413,39,34,1733,1622,108,171,5862,290,0.04951588699475602,Chile Vamos,Renovacion Nacional,2,1161,562,599,48.41,51.59,5137,147,3,269,1744,1792,1166,16,10.7,11.2
Cobquecura,1219,3776,28,65,2718,2027,56,203,5248,1000,0.1905337466302314,Unidad Por El Apruebo,Independientes-Lista K,3,1216,599,617,49.26,50.74,5495,278,26,275,2187,1590,1134,5,9.4,10.2
Cochamo,792,2666,42,43,1806,1455,103,145,3972,429,0.1079937247332228,Independientes,Independientes,3,1001,536,465,53.55,46.45,4199,181,10,136,1718,1430,716,8,9.6,10.1
Cochrane,841,1398,23,52,1020,1034,83,155,3722,236,0.06328163927296156,Unidad Por El Apruebo,Partido Radical De Chile,2,805,395,410,49.07,50.93,3458,159,3,228,1038,1074,950,6,11,11.5
Codegua,3584,7122,82,185,4404,6012,164,473,14424,800,0.05548542612595471,Independientes,Independientes,1,2841,1427,1414,50.23,49.77,13955,438,93,636,4604,5140,3015,29,10.7,10.9
Coelemu,3238,10110,81,153,7112,5705,175,501,16888,2203,0.1304629702648099,Unidad Por El Apruebo,Independientes-Lista K,3,3327,1661,1666,49.92,50.08,15895,687,50,591,5683,5591,3254,39,10.1,10.5
Coihueco,3415,17294,114,235,14299,6370,268,712,28817,3887,0.1348855952670668,Chile Vamos,Renovacion Nacional,3,6119,3049,3070,49.83,50.17,29766,1459,128,1469,11725,9783,5061,141,9.7,10.3
Coinco,2179,4447,63,122,3058,3448,121,309,7957,782,0.09821882569477522,Independientes,Independientes,3,1582,741,841,46.84,53.16,7916,323,45,316,2661,2784,1747,40,10.5,10.8
Colbun,4373,12605,117,234,7963,8685,312,830,23140,2733,0.1181205973029969,Independientes,Independientes,3,4518,2162,2356,47.85,52.15,22637,780,107,1041,8533,8186,3879,111,9.9,10.4
Colchane,95,1696,0,26,792,166,1,7,1575,350,0.222535219863316,Unidos Por La Dignidad,Independientes-Lista Xu,1,194,98,96,50.52,49.48,790,86,0,51,356,234,60,3,8.5,7.4
Colina,23768,63287,410,888,50390,37229,944,2713,191338,9775,0.05108815662595628,Chile Vamos,Union Democrata Independiente,2,43099,21280,21819,49.37,50.63,173293,5980,1174,11044,44138,53965,55560,1432,12.6,12.7
Collipulli,3445,15075,132,274,10927,6867,343,825,26414,3470,0.1313837175107866,Chile Vamos,Independientes-Lista Xx,1,4818,2316,2502,48.07,51.93,24303,1163,125,1047,9026,9414,3416,112,9.8,10
Coltauco,4674,10605,120,232,6639,8362,262,697,21816,2186,0.1002123568807099,Chile Vamos,Renovacion Nacional,1,4423,2223,2200,50.26,49.74,21373,898,106,903,7586,8184,3651,45,10.1,10.5
Combarbala,3716,6161,141,226,3187,6065,256,504,13884,1527,0.1099473813298209,Unidos Por La Dignidad,Partido Democrata Cristiano,3,2929,1443,1486,49.27,50.73,12954,588,35,462,5370,4314,2138,47,9.7,9.7
Concepcion,65101,102263,864,2377,70285,89776,1814,5495,239074,12926,0.05406677251173651,Unidos Por La Dignidad,Partido Democrata Cristiano,1,63732,32467,31265,50.94,49.06,230375,4688,1141,8376,38611,69040,107730,789,13.5,13.4
Conchali,46269,48425,609,1724,32413,57446,1053,3308,138230,8404,0.06079947209369204,Independientes,Independientes,1,27213,13947,13266,51.25,48.75,121587,3390,814,4873,27793,53410,30661,646,11.7,11.6
Concon,13231,24595,226,565,19872,18197,429,1186,47320,1286,0.02717759424605647,Independientes,Independientes,1,10620,5346,5274,50.34,49.66,48294,1024,193,2089,7816,13496,23189,487,14.1,13.8
Constitucion,9433,25831,229,573,16451,17428,531,1597,50536,5463,0.1081072542788957,Unidad Por El Apruebo,Partido Radical De Chile,1,9663,4799,4864,49.66,50.34,47004,1791,295,2328,14622,18744,8865,359,10.7,11
Contulmo,926,3996,41,60,2979,1725,83,172,6354,781,0.1229370962304697,Independientes,Independientes,3,1232,621,611,50.41,49.59,5905,324,19,193,2285,1992,1082,10,9.7,10.1
Copiapo,41033,63634,680,1649,41809,60415,1497,3975,174693,12635,0.07232720034645454,Unidos Por La Dignidad,Independientes-Lista Xu,1,40707,20552,20155,50.49,49.51,168831,5199,818,7851,39229,65796,48771,1167,12.2,12.2
Coquimbo,63400,88376,1238,3091,60623,90162,2686,7217,268325,18956,0.07064430845317174,Independientes,Independientes,1,59636,29676,29960,49.76,50.24,263719,6963,1757,12212,58879,103778,78679,1451,12.3,12.3
Coronel,25665,53358,423,1349,33864,43329,1032,3798,127830,8025,0.06277480748510066,Independientes,Independientes,1,26326,12925,13401,49.1,50.9,123648,3958,748,5985,31940,48057,32760,200,11.8,11.6
Corral,1719,2615,28,63,1565,2562,88,216,5427,412,0.07590002571204192,Independientes,Independientes,3,1306,659,647,50.46,49.54,5501,201,10,203,2001,2189,881,16,10,10.2
Coyhaique,13776,25261,294,479,17234,20054,722,1553,61766,1781,0.02883525854633565,Unidos Por La Dignidad,Partido Democrata Cristiano,2,13228,6303,6925,47.65,52.35,57823,1571,273,3203,15451,18914,18024,387,12,12.1
Cunco,3648,11109,108,225,7800,6574,257,628,18059,2674,0.1480947838943408,Independientes,Independientes,3,3972,2004,1968,50.45,49.55,19177,649,45,815,6712,7575,3277,104,10.2,10.5
Curacautin,2909,11354,78,191,8011,5659,171,609,18217,1991,0.1092938122360393,Independientes,Independientes,3,3884,1843,2041,47.45,52.55,18536,633,120,836,6093,7095,3709,50,10.5,10.7
Curacavi,10216,14992,200,356,11074,14224,354,863,37653,2258,0.05996458962717061,Chile Vamos,Independientes-Lista Xx,1,7225,3668,3557,50.77,49.23,35165,1078,223,1583,9322,12944,9815,200,11.6,11.8
Curaco de Velez,888,2038,49,56,1238,1429,163,195,4109,388,0.09454132406176127,Unidad Por El Apruebo,Independientes-Lista K,2,773,359,414,46.44,53.56,3662,125,12,139,1491,1231,661,3,10.2,10.1
Curanilahue,6519,18916,150,405,11224,12781,404,1256,33936,2879,0.08483693561802849,Independientes,Independientes,1,6268,3039,3229,48.48,51.52,31119,1470,171,1434,9861,11665,6488,30,10.6,10.7
Curarrehue,1672,4693,53,124,3356,2684,132,292,7842,1193,0.1521925567262996,Unidad Por El Apruebo,Partido Por La Democracia,2,1592,812,780,51.01,48.99,7733,331,13,372,3205,2711,1078,23,9.5,9.8
Curepto,2674,6132,83,173,4026,4166,249,498,9255,1305,0.1409961701302721,Unidad Por El Apruebo,Partido Por La Democracia,3,2203,1156,1047,52.47,47.53,9519,438,35,319,4135,3102,1485,5,9.1,9.5
Curico,36144,71872,621,1531,49991,56641,1542,4384,168469,12254,0.07273449639652813,Unidos Por La Dignidad,Partido Democrata Cristiano,2,34061,16328,17733,47.94,52.06,159968,4737,798,8140,43007,58355,44356,575,11.7,11.8
Dalcahue,3183,7667,103,141,4900,5554,416,590,15316,1432,0.09349236410441326,Chile Vamos,Independientes-Lista Xx,1,3245,1629,1616,50.2,49.8,14894,462,57,634,5861,5478,2357,45,10.2,10.3
Diego de Almagro,4012,4510,65,175,2408,5360,124,384,14082,800,0.05680425565407982,Chile Vamos,Renovacion Nacional,2,2562,1215,1347,47.42,52.58,11397,298,50,587,2863,4895,2625,79,11.9,11.8
Donihue,6179,10869,107,295,6871,9728,240,750,23288,2110,0.09061546751777677,Independientes,Independientes,2,4531,2216,2315,48.91,51.09,21925,702,101,998,6251,8770,5014,89,11.2,11.4
El Bosque,53314,62906,746,1791,41062,69921,1286,3838,170902,10593,0.06198237259124578,Unidad Por El Apruebo,Partido Socialista De Chile,1,34996,17918,17078,51.2,48.8,155257,4764,1343,6887,39794,68022,33466,981,11.3,11.2
El Carmen,2056,8679,66,115,6887,3573,182,338,12263,1830,0.1492478148913714,Unidos Por La Dignidad,Partido Democrata Cristiano,3,2910,1463,1447,50.27,49.73,13186,629,46,510,5531,4474,1986,10,9.4,9.9
El Monte,10305,15793,162,398,10773,14910,379,977,41392,2929,0.07076505082053658,Unidad Por El Apruebo,Partido Socialista De Chile,1,7939,3938,4001,49.6,50.4,37497,1274,269,1778,11074,15107,7745,250,11.1,11.2
El Quisco,6146,7460,63,300,5826,8350,154,544,18432,1651,0.08955603465692674,Independientes,Independientes,3,3719,1709,2010,45.95,54.05,18971,531,136,625,3907,7753,5818,201,12.2,12.1
El Tabo,6022,6598,68,211,5300,7947,146,527,14888,493,0.03309025582593765,Unidad Por El Apruebo,Partido Socialista De Chile,3,3454,1629,1825,47.16,52.84,16260,457,123,490,3752,6913,4395,130,11.7,11.6
Empedrado,763,3187,20,34,2423,1255,61,128,4195,528,0.1258615159951405,Independientes,Independientes,2,814,395,419,48.53,51.47,3990,270,9,190,1641,1342,536,2,8.9,9.7
Ercilla,1716,4544,61,146,3166,2628,139,351,8422,1503,0.1784881441824691,Unidos Por La Dignidad,Independientes-Lista Xu,1,1474,726,748,49.25,50.75,7730,457,30,378,3097,2750,992,26,9.5,9.5
Estacion Central,45262,49811,683,1635,35625,56070,1109,3175,218525,11019,0.05042396159541926,Frente Amplio,Independientes-Lista Xs,1,53801,27179,26622,50.52,49.48,181049,6561,800,7932,33371,72847,57558,1980,12.5,12.5
Florida,2085,7517,76,119,5053,4335,176,398,11869,1279,0.1077854627772424,Unidos Por La Dignidad,Partido Democrata Cristiano,3,2954,1507,1447,51.02,48.98,12958,584,44,515,4701,4171,2923,20,10.2,10.5
Freire,4789,14599,139,349,9859,8756,363,1019,25479,3672,0.1441236436286287,Unidos Por La Dignidad,Partido Democrata Cristiano,3,5662,2804,2858,49.52,50.48,26164,1039,123,1066,10148,9401,4255,132,10,10
Freirina,2244,2803,55,78,1531,3383,86,224,7790,1043,0.1338693829029102,Unidad Por El Apruebo,Partido Socialista De Chile,3,1532,779,753,50.85,49.15,7577,319,31,356,2404,3261,1176,30,10.4,10.6
Fresia,2599,7912,104,113,5350,4615,325,528,12606,1413,0.1120609040367706,Unidos Por La Dignidad,Partido Democrata Cristiano,3,2744,1378,1366,50.22,49.78,12320,570,29,515,4888,4480,1806,32,9.5,9.7
Frutillar,4022,11721,134,223,8080,7595,316,689,20589,1202,0.05836224763555845,Unidad Por El Apruebo,Partido Socialista De Chile,2,4745,2303,2442,48.54,51.46,22554,783,93,1098,7352,7730,5375,123,11.1,11.1
Futaleufu,578,1406,25,40,1016,901,66,111,2872,161,0.05599040419100522,Independientes,Independientes,2,693,336,357,48.48,51.52,3062,127,7,160,896,1025,833,14,11.3,11.9
Futrono,2758,9595,100,152,6450,5578,252,450,15228,1418,0.09314674753172754,Chile Vamos,Union Democrata Independiente,3,3184,1575,1609,49.47,50.53,15635,673,58,697,5922,5647,2610,28,10.1,10.2
Galvarino,2454,7395,101,159,4722,4619,305,457,12594,2111,0.1675842073730385,Unidos Por La Dignidad,Independientes-Lista Xu,3,2520,1275,1245,50.6,49.4,12710,856,53,542,5139,4617,1481,22,9.2,9.2
General Lagos,92,648,4,19,311,185,8,36,668,142,0.212383442279538,Chile Vamos,Renovacion Nacional,3,102,52,50,50.98,49.02,508,78,3,28,250,123,23,3,7.8,5.8
Gorbea,2444,9691,93,155,6911,4740,193,487,15089,1925,0.12754527656974,Unidos Por La Dignidad,Partido Democrata Cristiano,3,3011,1443,1568,47.92,52.08,14148,465,58,580,4734,5572,2701,38,10.3,10.5
Graneros,9559,15194,162,336,9652,14656,393,926,37562,1980,0.05272534982380029,Independientes,Independientes,1,8163,4074,4089,49.91,50.09,35938,1227,225,1597,9765,14252,8633,239,11.5,11.5
Guaitecas,383,700,14,15,476,539,36,37,1606,97,0.06050256021365802,Unidad Por El Apruebo,Partido Por La Democracia,2,406,212,194,52.22,47.78,1598,53,4,82,612,563,283,1,10.2,10.6
Hijuelas,4453,9924,100,280,6444,7553,213,695,19342,1757,0.09084773723802529,Independientes,Independientes,1,4143,2092,2051,50.49,49.51,19286,743,115,966,6143,7379,3887,53,10.5,11
Hualaihue,2095,5218,78,115,3390,3707,230,345,9556,990,0.1035540993190805,Independientes,Independientes,2,2016,1040,976,51.59,48.41,9480,340,21,461,3739,3348,1546,25,9.8,10.3
Hualane,2816,5810,79,153,3757,4504,199,443,10231,942,0.09209534067128783,Unidos Por La Dignidad,Partido Democrata Cristiano,3,2375,1166,1209,49.09,50.91,10775,508,49,470,4030,3597,2075,46,9.6,10.2
Hualpen,26284,42148,343,1227,27217,38956,699,2750,97776,3144,0.03215565444671543,Unidad Por El Apruebo,Partido Por La Democracia,1,19414,9700,9714,49.96,50.04,87731,1914,625,3295,17772,32853,31056,216,12.5,12.3
Hualqui,5255,13222,112,330,8315,9721,268,929,26558,2746,0.1033807937198529,Independientes,Independientes,1,5417,2651,2766,48.94,51.06,25795,1006,221,1087,7970,9611,5812,88,10.8,11
Huara,664,2243,8,45,1366,1060,20,117,3072,555,0.1806587194051391,Chile Vamos,Union Democrata Independiente,1,605,307,298,50.74,49.26,2858,187,5,174,1019,1123,329,21,10.1,9.8
Huasco,3367,3659,61,112,2207,4522,87,331,11485,1306,0.1137412786295817,Independientes,Independientes,1,1858,904,954,48.65,51.35,9369,248,44,449,2501,3979,2054,94,11.3,11.4
Huechuraba,29953,37049,349,987,27017,38474,725,2093,116377,4977,0.04276557208513348,Unidad Por El Apruebo,Partido Por La Democracia,2,22033,10568,11465,47.96,52.04,101808,2517,489,5018,22550,32343,38222,669,13.1,12.8
Illapel,9889,13523,217,416,7553,14834,462,1067,32965,2655,0.08052492714721493,Unidos Por La Dignidad,Partido Democrata Cristiano,2,6335,3035,3300,47.91,52.09,32009,1134,161,1449,9972,12492,6705,96,10.8,10.9
Independencia,27284,35067,427,1126,25714,36036,776,2161,150807,8798,0.0583398308206952,Independientes,Independientes,1,32685,16452,16233,50.34,49.66,116943,3821,476,4910,19342,47139,40437,818,12.9,12.8
Iquique,44451,84433,723,2170,56856,66216,1578,4648,229674,18122,0.07890380841254656,Unidad Por El Apruebo,Independientes-Lista K,1,47802,24175,23627,50.57,49.43,199587,4930,864,9521,37191,77013,67982,2086,13,12.8
Isla de Maipo,9991,16710,134,360,11913,14719,292,902,41550,2668,0.06421486711607165,Chile Vamos,Independientes-Lista Xx,1,8406,4259,4147,50.67,49.33,39274,1410,180,1911,11203,14941,9433,196,11.3,11.4
Isla de Pascua,2355,1865,41,80,989,2223,42,124,8656,470,0.05428690418611916,Unidos Por La Dignidad,Partido Progresista De Chile,2,1239,587,652,47.38,52.62,4800,112,14,325,910,1683,1531,225,12.3,13.3
Juan Fernandez,315,226,4,10,155,324,4,25,1081,27,0.02468741376426857,Unidad Por El Apruebo,Independientes-Lista K,2,235,125,110,53.19,46.81,904,10,3,60,232,296,290,13,12.3,12.8
La Cisterna,30768,35441,385,1064,25701,38212,645,2046,101315,4146,0.04092312857712747,Independientes,Independientes,1,26851,13371,13480,49.8,50.2,103157,2892,485,4195,17262,37119,40011,1193,13.1,12.9
La Cruz,5621,9747,77,278,7095,8386,167,631,26916,854,0.03173284322544457,Unidad Por El Apruebo,Partido Socialista De Chile,2,5982,2797,3185,46.76,53.24,24939,678,114,1200,5323,8241,9289,94,12.8,12.9
La Estrella,1222,2287,19,68,1720,1812,64,179,3105,302,0.09728368546986366,Independientes,Independientes,3,1061,522,539,49.2,50.8,4609,166,11,177,1656,1746,849,4,10.3,10.4
La Florida,134270,134628,1501,4553,97609,161879,2749,8852,406402,14346,0.03529903004289563,Chile Vamos,Independientes-Lista Xx,1,86925,43702,43223,50.28,49.72,374836,8503,2122,14851,69221,127408,149975,2756,13.2,12.8
La Granja,42306,42882,514,1736,27321,53228,985,3348,120772,7283,0.06030167960083704,Unidos Por La Dignidad,Partido Democrata Cristiano,1,25182,12832,12350,50.96,49.04,112022,3297,921,4577,28841,50096,23503,787,11.3,11.1
La Higuera,1444,2274,25,83,1515,2050,95,219,4508,485,0.1074879738365082,Chile Vamos,Union Democrata Independiente,3,855,451,404,52.75,47.25,4335,278,16,176,1657,1690,490,28,9.1,9.7
La Ligua,11405,16366,210,420,11023,16387,475,1105,38178,3121,0.0817521029546143,Independientes,Independientes,3,7957,3710,4247,46.63,53.37,39270,1274,184,1792,11585,15080,9211,144,11,11.3
La Pintana,54702,63136,775,2042,37983,73620,1438,4428,189224,17586,0.09293843186111617,Unidos Por La Dignidad,Partido Democrata Cristiano,1,40108,19830,20278,49.44,50.56,175421,6463,1541,8938,55286,78519,23383,1291,10.4,10.4
La Reina,30190,45487,463,899,35874,36840,805,1630,99946,1602,0.01602711747203892,Chile Vamos,Union Democrata Independiente,2,19518,9184,10334,47.05,52.95,89870,1346,404,4098,12963,17857,52383,819,15.3,14.7
La Serena,68172,91678,1015,2867,64682,93187,2203,6457,260599,15450,0.05928800605494077,Unidad Por El Apruebo,Partido Radical De Chile,1,58715,29557,29158,50.34,49.66,250141,6088,1383,10996,50540,89235,90164,1735,12.9,12.8
La Union,8166,21795,199,392,14511,14434,484,1156,39640,3431,0.08654895810147722,Unidad Por El Apruebo,Partido Socialista De Chile,3,7954,3835,4119,48.21,51.79,38907,1279,206,1668,12464,14054,9115,121,10.8,11
Lago Ranco,1996,6035,69,159,4509,3608,212,417,10287,1273,0.1237322296459419,Chile Vamos,Renovacion Nacional,3,2271,1118,1153,49.23,50.77,10527,514,48,421,4228,3558,1714,44,9.7,9.9
Lago Verde,249,533,9,13,327,265,33,65,913,8,0.008747026712438896,Chile Vamos,Union Democrata Independiente,3,183,93,90,50.82,49.18,779,58,1,20,269,301,127,3,9.3,9.9
Laguna Blanca,158,347,3,4,194,224,9,14,257,6,0.02250673905537242,Unidad Por El Apruebo,Partido Socialista De Chile,3,58,37,21,63.79,36.21,269,7,0,2,53,121,76,10,11.4,13.3
Laja,4796,13154,141,204,8895,8496,283,639,23909,2693,0.1126259380668065,Independientes,Independientes,3,4855,2332,2523,48.03,51.97,23706,1133,165,1062,7282,8757,5269,38,10.7,10.7
Lampa,22301,37708,334,893,28083,34068,805,2093,137016,6779,0.04947952348252533,Independientes,Independientes,2,35261,17393,17868,49.33,50.67,145160,6357,996,8506,35588,51956,40657,1100,12.1,12.3
Lanco,4157,9222,120,253,6182,6852,267,657,17906,705,0.03936703602337878,Unidad Por El Apruebo,Partido Socialista De Chile,3,3400,1602,1798,47.12,52.88,16876,574,63,763,5370,6741,3296,69,10.7,10.8
Las Cabras,6245,13236,169,235,8762,10557,445,858,27350,2072,0.07577006188229371,Unidos Por La Dignidad,Partido Progresista De Chile,3,5623,2821,2802,50.17,49.83,27554,1248,107,1131,9644,10973,4377,74,10.1,10.5
Las Condes,46740,168948,983,2077,143008,66535,1655,4377,339547,3088,0.009093252219182184,Chile Vamos,Union Democrata Independiente,1,69287,34179,35108,49.33,50.67,296134,5200,756,13095,30477,47186,196279,3141,16.2,15.3
Lautaro,6800,22527,159,469,15794,12985,503,1326,41460,3654,0.08813353056098992,Unidos Por La Dignidad,Independientes-Lista Xu,1,9009,4358,4651,48.37,51.63,41936,1661,182,1983,12805,16317,8791,197,10.9,11
Lebu,4292,14260,147,251,9189,8667,348,828,27138,2856,0.1052461122573942,Unidos Por La Dignidad,Independientes-Lista Xu,1,5261,2570,2691,48.85,51.15,25246,973,163,1092,8885,9218,4890,25,10.3,10.6
Licanten,2012,4032,42,77,2719,2931,117,303,6994,514,0.07352908912802301,Independientes,Independientes,3,1522,743,779,48.82,51.18,6892,225,27,323,2343,2481,1484,9,10.4,10.9
Limache,13136,22659,250,674,15790,19694,559,1452,51006,3508,0.0687725825529546,Chile Vamos,Renovacion Nacional,1,11650,5831,5819,50.05,49.95,56145,1576,432,2585,13115,20933,17005,499,12.1,12.1
Linares,20437,52116,353,976,36058,34656,939,2848,102909,9117,0.08859195521691694,Chile Vamos,Renovacion Nacional,2,19597,9143,10454,46.66,53.34,96744,2743,503,4675,28031,35823,24563,406,11.3,11.6
Litueche,2153,4159,59,129,3060,3357,156,389,6886,645,0.09372233190652567,Chile Vamos,Union Democrata Independiente,3,1874,917,957,48.93,51.07,8852,364,45,360,3055,3222,1785,21,10.4,10.8
Llanquihue,4058,10345,85,186,6622,7222,280,656,18775,1111,0.05916948740219628,Unidos Por La Dignidad,Partido Democrata Cristiano,1,3856,1941,1915,50.34,49.66,18088,622,61,818,5565,6694,4256,72,11,11
Llay Llay,8497,10476,121,293,6989,11497,288,688,27021,2482,0.09185904888894914,Unidos Por La Dignidad,Partido Democrata Cristiano,1,5185,2549,2636,49.16,50.84,25484,804,160,1292,7611,9983,5554,80,10.8,11.2
Lo Barnechea,12340,60927,221,572,54206,18846,531,1351,128997,1165,0.009028313249676453,Chile Vamos,Union Democrata Independiente,1,23088,11472,11616,49.69,50.31,112620,2252,324,6220,20211,23843,57923,1847,15.1,14.4
Lo Espejo,36771,36987,473,1402,22446,45527,937,2768,102145,6927,0.067816947929765,Chile Digno Verde Y Soberano,Partido Comunista De Chile,1,19640,9976,9664,50.79,49.21,87295,2894,706,3910,24474,40853,13903,555,10.8,10.6
Lo Prado,36115,36585,405,1228,24161,44409,663,2469,103390,5507,0.05326684737949042,Unidad Por El Apruebo,Partido Por La Democracia,1,20605,10595,10010,51.42,48.58,91290,2496,765,3495,22217,40633,21124,560,11.5,11.2
Lolol,1603,4728,63,82,2997,3033,187,292,7396,848,0.1145996711178917,Independientes,Independientes,3,1678,846,832,50.42,49.58,7791,520,29,278,2917,2692,1345,10,9.7,10
Loncoche,5066,13599,138,338,8812,9318,342,777,24780,3042,0.1227706099754267,Independientes,Independientes,3,5217,2507,2710,48.05,51.95,25158,836,146,1112,8607,9900,4402,155,10.4,10.4
Longavi,4858,20257,122,307,14911,9977,378,1024,33333,3870,0.1161055510284763,Chile Vamos,Union Democrata Independiente,3,7259,3550,3709,48.9,51.1,33299,1646,120,1378,13958,11758,4355,84,9.2,9.7
Lonquimay,1716,6564,80,156,4439,3223,236,486,11091,2036,0.1836051616650008,Unidos Por La Dignidad,Independientes-Lista Xu,1,2072,1030,1042,49.71,50.29,10247,656,47,465,4191,3365,1471,52,9.6,9.6
Los Alamos,3013,12837,83,276,8395,7150,249,741,22801,2532,0.1110636110482628,Chile Vamos,Union Democrata Independiente,2,4414,2088,2326,47.3,52.7,21950,1037,114,1034,7881,8118,3734,32,10,10.3
Los Andes,19104,28906,251,732,18467,28167,473,1691,68637,5579,0.0812767492126049,Chile Vamos,Union Democrata Independiente,1,13571,6825,6746,50.29,49.71,63440,1516,361,2827,13771,25288,19308,369,12.4,12.2
Los Angeles,30777,117768,686,1793,88495,58431,1864,5122,221851,18753,0.08453032224259051,Unidad Por El Apruebo,Partido Radical De Chile,1,46588,22655,23933,48.63,51.37,219441,7824,1345,10166,58457,81470,59420,759,11.7,11.8
Los Lagos,3908,11871,102,162,8079,7130,303,668,20525,1382,0.06734383166378613,Chile Digno Verde Y Soberano,Partido Comunista De Chile,3,4314,2104,2210,48.77,51.23,21431,938,103,993,7444,8361,3544,48,10.3,10.3
Los Muermos,2405,11937,148,182,8518,5181,424,646,17826,2076,0.116458852845239,Chile Vamos,Union Democrata Independiente,3,3697,1894,1803,51.23,48.77,17162,734,46,618,7501,5702,2538,23,9.4,9.7
Los Sauces,971,5080,41,71,3790,2002,108,231,7494,1301,0.1735602636652928,Chile Vamos,Union Democrata Independiente,3,1566,792,774,50.57,49.43,7348,421,22,366,3074,2422,1024,19,9.1,9.6
Los Vilos,6910,9135,122,302,5437,9876,296,720,24015,2030,0.08452426527605875,Independientes,Independientes,2,4524,2190,2334,48.41,51.59,22879,892,124,1167,6895,8678,5052,71,10.9,11.1
Lota,12268,26260,220,751,15050,20973,478,1907,45553,3834,0.08415915034083185,Independientes,Independientes,3,9144,4350,4794,47.57,52.43,39980,1251,298,1654,12040,16002,8677,58,11,10.6
Lumaco,1458,6009,36,88,4526,2412,160,248,9959,2138,0.2146869468141867,Chile Vamos,Independientes-Lista Xx,3,1929,1006,923,52.15,47.85,9253,682,26,390,4212,2971,940,32,8.6,8.7
Machali,13167,22659,185,542,16300,20059,408,1285,62947,1915,0.03042403007836555,Independientes,Independientes,2,15081,7155,7926,47.44,52.56,60875,1659,284,3151,12994,16828,25581,378,13.6,13.3
Macul,42799,42945,472,1384,31248,51636,897,2489,137336,4772,0.03474735460906117,Independientes,Independientes,1,30103,14918,15185,49.56,50.44,123800,2482,559,4782,19761,38084,57135,997,13.6,13.4
Mafil,1379,4718,43,78,3237,2629,105,274,7387,529,0.07160232668735984,Unidad Por El Apruebo,Partido Por La Democracia,1,1630,799,831,49.02,50.98,8074,289,24,360,2588,3144,1657,12,10.7,10.8
Maipu,179105,171044,1641,5327,123529,219874,3045,11054,585951,19051,0.03251240739781768,Frente Amplio,Revolucion Democratica,1,115870,59338,56532,51.21,48.79,503635,11088,2776,18888,92445,193038,182394,3006,12.9,12.6
Malloa,3157,8390,81,134,5521,5577,197,478,14257,1396,0.09792245885499484,Unidad Por El Apruebo,Independientes-Lista K,3,2970,1478,1492,49.76,50.24,13882,531,84,586,5118,5114,2440,9,10,10.5
Marchihue,2106,4596,66,108,3162,3425,175,316,7684,703,0.09152807931565488,Dignidad Ahora,Partido Humanista,3,1937,958,979,49.46,50.54,8715,528,20,379,3042,3122,1605,19,9.9,10.3
Maria Elena,1399,2026,23,85,990,2084,39,162,6647,369,0.05551379624560721,Chile Vamos,Independientes-Lista Xx,1,1162,581,581,50,50,4834,152,9,205,1047,2308,1099,14,12.1,11.9
Maria Pinto,4173,7104,75,160,5451,5801,227,481,15382,1125,0.07313724231518924,Chile Vamos,Renovacion Nacional,1,3071,1512,1559,49.23,50.77,15352,537,69,738,4920,5894,3147,47,10.7,11
Mariquina,4708,11665,115,171,7393,8599,380,699,23720,1863,0.07853280025599274,Chile Vamos,Independientes-Lista Xx,1,4782,2307,2475,48.24,51.76,22973,815,87,1239,7624,8978,4044,186,10.5,10.7
Maule,6627,17955,114,406,13488,12607,322,1092,65590,5951,0.09072496036521659,Unidos Por La Dignidad,Partido Democrata Cristiano,2,14350,6583,7767,45.87,54.13,61081,1909,309,3670,16449,22294,16160,290,11.7,12.1
Maullin,3061,9056,121,181,6213,5205,420,608,14796,1879,0.1269646823510594,Chile Vamos,Independientes-Lista Xx,3,3526,1822,1704,51.67,48.33,15063,537,25,521,6308,5620,2043,9,9.6,9.8
Mejillones,3430,4823,53,146,2874,5245,120,348,15502,1107,0.07139740441053531,Unidad Por El Apruebo,Partido Por La Democracia,1,3722,1835,1887,49.3,50.7,14084,518,70,791,3613,6588,2439,65,11.5,11.4
Melipeuco,1293,3982,55,100,2831,2221,134,243,6299,987,0.1566905777888791,Unidad Por El Apruebo,Independientes-Lista K,3,1360,672,688,49.41,50.59,6796,259,8,294,2586,2411,1212,26,10.1,10.4
Melipilla,30691,59386,543,1410,42388,46286,1283,3462,146241,11073,0.07571759130661093,Frente Amplio,Convergencia Social,1,30253,15133,15120,50.02,49.98,136325,5556,734,6373,38487,53062,31245,868,11.1,11.4
Molina,11611,24426,186,559,15828,19305,464,1641,51200,4030,0.07871885879024679,Unidos Por La Dignidad,Partido Democrata Cristiano,1,10014,4993,5021,49.86,50.14,48949,1836,291,2381,15744,19312,9172,213,10.5,10.7
Monte Patria,7213,16159,191,392,8778,13230,525,1043,32649,4169,0.127703937398395,Independientes,Independientes,3,6204,3064,3140,49.39,50.61,29997,1407,117,1180,12546,10861,3848,38,9.4,9.8
Mostazal,7521,12132,138,330,7753,11778,271,863,28147,2059,0.0731439871895892,Independientes,Independientes,1,5780,2841,2939,49.15,50.85,27394,1021,165,1221,8218,11125,5590,54,10.9,11
Mulchen,4984,17436,162,310,12233,9341,429,919,31099,3782,0.1216238491587788,Unidos Por La Dignidad,Partido Democrata Cristiano,1,5864,2908,2956,49.59,50.41,29036,1353,162,1233,10403,11298,4556,31,10,10.2
Nacimiento,4759,16081,143,261,11267,8860,335,731,28003,3073,0.109726027871444,Chile Vamos,Union Democrata Independiente,3,5308,2573,2735,48.47,51.53,26140,1245,152,1208,7959,9763,5781,32,10.8,10.7
Nancagua,4336,9703,99,186,6239,7406,256,529,19498,1738,0.08911187203227197,Independientes,Independientes,1,3887,1956,1931,50.32,49.68,18723,697,100,881,6413,7307,3238,87,10.4,10.6
Natales,6256,9013,142,274,5653,9363,363,978,24339,755,0.03103493984765365,Independientes,Independientes,2,5588,2810,2778,50.29,49.71,24152,505,105,1184,6276,9242,6705,135,11.6,11.9
Navidad,2696,3838,79,162,2622,3859,128,398,7050,868,0.1231394137656237,Chile Digno Verde Y Soberano,Independientes-Lista M,3,1836,935,901,50.93,49.07,8885,315,37,377,2917,3081,2149,9,10.7,11.2
Negrete,1272,6676,45,121,4782,3086,139,307,10527,1047,0.09945547522983768,Unidad Por El Apruebo,Partido Radical De Chile,3,2244,1119,1125,49.87,50.13,10723,545,45,468,3885,4007,1756,17,9.8,10.1
Ninhue,1015,3944,32,99,2750,1863,110,268,5377,867,0.1612982869088716,Unidos Por La Dignidad,Independientes-Lista Xu,3,1374,677,697,49.27,50.73,5763,280,12,194,2642,1749,884,2,9,9.6
Niquen,1674,7919,48,123,5821,3576,151,450,11543,1598,0.1384196963915372,Chile Vamos,Union Democrata Independiente,3,2999,1540,1459,51.35,48.65,12797,634,63,424,5656,4441,1549,30,9,9.5
Nogales,7215,10079,155,306,5837,10849,272,803,23603,1313,0.05562038074395192,Chile Vamos,Independientes-Lista Xx,3,4505,2168,2337,48.12,51.88,22136,758,158,858,6507,9349,4347,159,10.9,10.7
Nueva Imperial,7504,18191,147,400,12300,12518,431,1204,34018,4364,0.1282838681912552,Unidos Por La Dignidad,Partido Democrata Cristiano,3,6677,3276,3401,49.06,50.94,33988,1521,172,1673,11313,13066,6111,132,10.1,10.5
Nunoa,84762,83326,781,1992,66010,99317,1606,3839,261138,3888,0.01488843954831383,Frente Amplio,Revolucion Democratica,2,63953,30972,32981,48.43,51.57,241467,3974,649,9493,23243,41547,160410,2151,15.8,15.3
O'Higgins,136,289,5,2,203,184,6,17,672,62,0.09157446235094517,Unidos Por La Dignidad,Partido Democrata Cristiano,1,165,73,92,44.24,55.76,647,30,3,35,195,209,173,2,11,12.2
Olivar,3414,8092,92,218,5340,5942,169,492,14869,1184,0.07963365547352402,Chile Vamos,Independientes-Lista Xx,1,2934,1442,1492,49.15,50.85,13901,480,53,565,4359,4920,3505,19,11.1,11.3
Ollague,197,707,9,10,364,435,14,17,277,24,0.08721221547732894,Independientes,Independientes,2,57,29,28,50.88,49.12,256,9,0,5,84,103,51,4,11.6,9.9
Olmue,5056,10029,94,354,7067,7663,229,675,19878,1490,0.07496697583142214,Dignidad Ahora,Partido Humanista,2,3875,1902,1973,49.08,50.92,19778,583,155,843,5288,7401,5376,132,11.4,11.7
Osorno,40396,79430,661,1897,53387,62977,1544,5076,175275,10799,0.06161340893619202,Unidos Por La Dignidad,Partido Democrata Cristiano,1,35969,17856,18113,49.64,50.36,166455,4641,934,7404,43185,60864,48422,1005,11.9,11.8
Ovalle,28559,50875,581,1345,32294,44772,1423,3469,123252,11719,0.09508512477369883,Independientes,Independientes,1,25606,12683,12923,49.53,50.47,118696,3737,613,5318,34924,47960,25269,875,11.1,11.2
Padre Hurtado,20640,24920,225,703,18638,28743,504,1592,78847,2882,0.03655584922106305,Unidad Por El Apruebo,Partido Socialista De Chile,2,19048,9414,9634,49.42,50.58,81243,3039,452,4274,19204,29694,24109,471,12.3,12.2
Padre Las Casas,14444,38379,322,854,26164,25478,947,2458,84144,10688,0.1270210990427323,Independientes,Independientes,1,17775,8675,9100,48.8,51.2,80656,3134,336,3864,24585,31724,16771,242,11,11
Paihuano,1534,2837,31,71,1851,2296,87,170,4695,389,0.08291957569137363,Chile Vamos,Renovacion Nacional,3,1063,522,541,49.11,50.89,4649,112,14,201,1394,1874,1030,24,10.9,11.5
Paillaco,4029,12022,97,184,8203,7456,256,656,20889,1343,0.06430781984936271,Independientes,Independientes,3,4056,1933,2123,47.66,52.34,19802,802,104,849,6813,7476,3683,75,10.2,10.4
Paine,19030,32860,306,768,24285,27572,683,1858,86258,5059,0.05865172168423877,Chile Vamos,Union Democrata Independiente,1,17250,8632,8618,50.04,49.96,78828,2731,521,3657,22835,29391,19058,635,11.3,11.4
Palena,407,973,13,9,669,564,52,75,1821,166,0.09120230295373533,Chile Vamos,Renovacion Nacional,3,406,202,204,49.75,50.25,1903,77,6,80,696,618,423,3,10.1,10.9
Palmilla,2804,7100,58,118,4896,4810,168,395,13484,1095,0.08119808758839814,Unidos Por La Dignidad,Partido Democrata Cristiano,3,2809,1373,1436,48.88,51.12,13060,518,51,506,4844,5070,2037,34,9.9,10.2
Panguipulli,7144,20314,238,504,13547,13159,580,1408,36145,3686,0.1019868755754151,Independientes,Independientes,3,7086,3464,3622,48.89,51.11,35098,1710,123,1495,12775,12551,6272,172,10.2,10.2
Panquehue,2142,3917,34,86,2556,3422,89,211,7762,737,0.09489930883376847,Unidos Por La Dignidad,Partido Democrata Cristiano,2,1475,710,765,48.14,51.86,7269,238,47,296,2351,2923,1380,34,10.6,10.8
Papudo,2310,3603,31,53,2650,3281,51,152,6357,461,0.07253834912471409,Chile Vamos,Renovacion Nacional,3,1528,787,741,51.51,48.49,7561,219,29,331,2172,2918,1870,22,11.3,11.7
Paredones,2120,4154,57,78,2647,3237,179,248,6298,941,0.1493725761650852,Chile Vamos,Renovacion Nacional,3,1760,908,852,51.59,48.41,7228,512,39,261,2942,2411,1048,15,9,9.5
Parral,7817,25868,157,395,18129,14380,459,1536,45211,4194,0.09277406472763614,Chile Vamos,Union Democrata Independiente,3,9189,4307,4882,46.87,53.13,45323,1960,273,2029,15563,16066,9362,70,10.4,10.7
Pedro Aguirre Cerda,42205,34737,416,1341,23512,48897,831,2663,106065,5805,0.05473172882253488,Independientes,Independientes,1,20601,10558,10043,51.25,48.75,96062,2558,583,3968,23054,42426,22764,709,11.5,11.4
Pelarco,1786,6258,37,116,4519,3425,106,393,9289,1094,0.1177984450149211,Chile Vamos,Union Democrata Independiente,3,1934,978,956,50.57,49.43,9229,479,36,390,3359,3391,1503,71,9.7,10.4
Pelluhue,1695,5372,30,106,4062,2688,92,302,8311,1063,0.1278868865740387,Unidos Por La Dignidad,Independientes-Lista Xu,2,1744,852,892,48.85,51.15,8578,401,37,357,3042,2782,1920,39,10.4,11
Pemuco,1698,5519,41,94,4202,2730,111,293,8605,1636,0.1901762109141105,Chile Vamos,Independientes-Lista Xx,3,1946,956,990,49.13,50.87,8930,415,22,384,3458,3276,1348,27,9.6,10.1
Penaflor,30730,35173,338,1076,23870,40405,702,2240,104684,7672,0.07328609476344701,Unidos Por La Dignidad,Partido Democrata Cristiano,1,20714,10443,10271,50.42,49.58,94402,2683,522,4215,21631,36803,27967,581,12.2,12.1
Penalolen,78867,85994,1045,2723,59163,99139,1710,5783,271089,8788,0.03241671332301811,Unidos Por La Dignidad,Partido Democrata Cristiano,1,53130,27063,26067,50.94,49.06,236478,5529,1480,9876,54604,84422,78945,1622,12.5,12.3
Pencahue,2065,7216,44,97,4837,3821,130,427,8622,1008,0.1168547056300677,Independientes,Independientes,3,2035,1049,986,51.55,48.45,9181,521,25,390,3373,3133,1736,3,9.8,10.4
Penco,14094,23333,211,614,14564,21883,466,1462,50090,3032,0.06053313693193336,Unidos Por La Dignidad,Partido Democrata Cristiano,1,10511,5186,5325,49.34,50.66,48971,1374,285,2200,12410,18939,13698,65,11.8,11.7
Peralillo,2880,6520,71,153,4458,4685,188,409,12061,866,0.07181502243009433,Unidad Por El Apruebo,Partido Socialista De Chile,3,2688,1310,1378,48.74,51.26,12493,519,46,545,4206,4737,2419,21,10.3,10.7
Perquenco,1454,4341,47,96,2948,2616,121,297,7259,1027,0.1414140149910871,Unidad Por El Apruebo,Partido Por La Democracia,3,1564,758,806,48.47,51.53,7438,320,24,296,2661,2932,1184,21,10.1,10.2
Petorca,3492,4465,89,164,2404,5168,143,383,10606,481,0.04537729044804171,Independientes,Independientes,3,2160,1043,1117,48.29,51.71,10206,449,30,423,3244,3983,2058,19,10.3,10.7
Peumo,4230,7395,102,142,4275,7006,224,447,15001,1158,0.07718469751227644,Independientes,Independientes,3,2956,1443,1513,48.82,51.18,14243,543,44,553,4785,5793,2512,13,10.3,10.6
Pica,1519,3013,31,54,2127,2220,66,140,6184,664,0.1073139711951238,Chile Vamos,Independientes-Lista Xx,1,1397,662,735,47.39,52.61,6272,188,31,401,1751,2678,1203,20,11.6,11.5
Pichidegua,4496,11354,95,158,7562,7948,297,606,20969,2290,0.1092073031580498,Unidos Por La Dignidad,Partido Democrata Cristiano,3,4367,2120,2247,48.55,51.45,20363,863,95,844,7882,7472,3153,54,9.7,10.2
Pichilemu,5939,9576,106,285,6918,8223,255,648,18463,1269,0.06872415195130183,Independientes,Independientes,2,4415,2098,2317,47.52,52.48,19847,795,65,905,5209,6766,5923,184,11.6,11.9
Pinto,1759,8774,60,125,7096,3217,116,452,12064,1239,0.1026716429003472,Chile Vamos,Union Democrata Independiente,3,2767,1329,1438,48.03,51.97,12502,456,58,496,4320,4650,2469,53,10.2,10.7
Pirque,9152,12762,137,311,9405,12172,250,735,32041,879,0.0274316427999483,Unidad Por El Apruebo,Independientes-Lista K,1,5940,2986,2954,50.27,49.73,29060,809,120,1395,6749,9771,9977,239,12.4,12.6
Pitrufquen,4827,14374,124,288,10092,8945,315,804,26418,2820,0.1067562143921306,Chile Vamos,Renovacion Nacional,3,5454,2545,2909,46.66,53.34,27041,833,104,1276,8342,10436,5853,197,10.8,11.1
Placilla,2192,5504,58,110,3498,3957,150,380,9244,887,0.09593949771363816,Unidos Por La Dignidad,Partido Democrata Cristiano,1,1933,989,944,51.16,48.84,9438,354,34,436,3463,3487,1628,36,10.1,10.5
Portezuelo,1172,3666,27,61,2662,1915,94,191,4899,740,0.1511123302857005,Chile Vamos,Renovacion Nacional,3,1281,625,656,48.79,51.21,5203,207,13,192,2338,1610,840,3,9.1,9.6
Porvenir,1543,2233,22,51,1445,2245,62,206,7528,273,0.03627486931911551,Independientes,Independientes,1,1603,843,760,52.59,47.41,6809,136,10,383,1911,2589,1769,11,11.5,11.9
Pozo Almonte,2367,6704,33,128,4104,4712,137,353,18290,2805,0.1533439714492286,Unidos Por La Dignidad,Partido Democrata Cristiano,1,3994,2136,1858,53.48,46.52,16878,640,48,1042,4770,7485,2784,109,11.3,11.1
Primavera,213,289,3,1,171,234,11,19,684,9,0.01296169787156448,Unidos Por La Dignidad,Partido Democrata Cristiano,3,107,59,48,55.14,44.86,431,8,0,18,144,180,81,0,10.5,11.5
Providencia,50318,72935,645,1288,56186,60244,1299,2370,162013,2142,0.01321907454820707,Chile Vamos,Union Democrata Independiente,2,39102,19223,19879,49.16,50.84,143974,2243,319,5541,10966,18593,105493,819,16.5,15.9
Puchuncavi,6746,9059,114,304,6622,9700,214,693,20785,685,0.032935928149776,Chile Vamos,Independientes-Lista Xx,3,4480,2178,2302,48.62,51.38,22539,643,140,986,5762,8863,5942,203,11.6,11.7
Pucon,7936,15980,175,454,11686,11809,399,1066,30373,2477,0.08156309193863791,Chile Vamos,Renovacion Nacional,2,7096,3435,3661,48.41,51.59,32321,969,97,1513,8348,11528,9597,269,12,12.1
Pudahuel,74007,76792,776,2565,52898,94763,1571,5160,259195,11317,0.04366049437083934,Dignidad Ahora,Igualdad,1,51989,26389,25600,50.76,49.24,227820,6565,1556,9452,53360,92810,62459,1618,12,11.8
Puente Alto,181627,174696,1792,6708,121877,230478,3447,13229,661900,33344,0.05037591991445491,Chile Vamos,Renovacion Nacional,1,131977,67299,64678,50.99,49.01,568086,14777,3913,24508,124822,221227,175200,3639,12.3,12.2
Puerto Montt,52451,114287,1074,2456,79495,86193,3041,7183,276525,17963,0.06496075205539688,Unidad Por El Apruebo,Partido Socialista De Chile,1,67830,34425,33405,50.75,49.25,277040,7519,1271,13937,69366,100513,82641,1793,12.1,12.1
Puerto Octay,2342,5183,59,119,3251,4006,130,350,9108,686,0.0752986706991756,Unidad Por El Apruebo,Independientes-Lista K,3,1960,1011,949,51.58,48.42,8865,329,28,342,3432,3207,1490,37,10,10.2
Puerto Varas,11453,27756,195,472,20641,17345,639,1382,50272,1063,0.02114984096160757,Independientes,Independientes,2,12901,6238,6663,48.35,51.65,52942,1432,223,3104,12627,15008,20116,432,13,12.9
Pumanque,1085,2656,26,42,1767,1818,89,167,3523,436,0.1236410123484773,Independientes,Independientes,3,1017,516,501,50.74,49.26,4559,239,12,143,1855,1489,818,3,9.6,10
Punitaqui,2988,6113,75,162,3555,5182,188,455,12396,1793,0.1446494802443967,Independientes,Independientes,2,2300,1111,1189,48.3,51.7,12076,573,84,465,4622,4575,1728,29,9.8,10
Punta Arenas,36882,54624,693,1648,35461,52805,1664,4396,144415,5055,0.03500057934797781,Chile Vamos,Renovacion Nacional,2,29595,14648,14947,49.49,50.51,132363,2174,716,6190,27711,49803,44727,1042,12.6,12.5
Puqueldon,946,2317,49,42,1286,1726,119,162,4192,744,0.177582537963943,Unidos Por La Dignidad,Independientes-Lista Xu,2,859,446,413,51.92,48.08,4048,103,10,141,1893,1353,537,11,9.9,9.3
Puren,1993,7922,68,141,5785,3607,179,379,12136,1571,0.1294895634365,Unidad Por El Apruebo,Partido Por La Democracia,3,2525,1194,1331,47.29,52.71,12184,513,74,624,4763,4239,1947,24,9.5,9.9
Purranque,3958,12371,108,204,8329,7151,302,701,21006,1804,0.08589213148773951,Unidos Por La Dignidad,Partido Democrata Cristiano,3,4119,1976,2143,47.97,52.03,19542,673,88,835,7308,6839,3748,51,10.2,10.3
Putaendo,5085,7674,101,189,4701,7531,205,578,17884,1793,0.10026670029428,Independientes,Independientes,3,3494,1696,1798,48.54,51.46,17336,582,102,768,4887,6834,4084,79,11,11.4
Putre,602,1983,12,35,939,944,12,80,2152,158,0.07345577825952668,Independientes,Independientes,1,346,190,156,54.91,45.09,1547,79,2,71,476,629,276,14,10.7,9.8
Puyehue,2592,7568,64,138,5008,4884,197,422,11806,1129,0.09566143393676237,Chile Vamos,Union Democrata Independiente,3,2566,1268,1298,49.42,50.58,11712,505,51,414,4294,4409,2015,24,10.1,10.3
Queilen,1385,2972,57,57,1818,2228,193,211,5544,680,0.1225810557964359,Unidos Por La Dignidad,Partido Democrata Cristiano,2,1175,578,597,49.19,50.81,5690,211,26,225,2577,1777,869,5,9.5,9.6
Quellon,5192,13584,213,263,8625,9686,677,869,29791,2685,0.09011758946437072,Unidos Por La Dignidad,Partido Democrata Cristiano,1,6537,3299,3238,50.47,49.53,28460,1250,90,1349,10766,10785,4072,148,10.1,10.3
Quemchi,1841,4724,119,121,3126,3149,287,304,8764,1085,0.1237815143860561,Unidad Por El Apruebo,Independientes-Lista K,3,1805,946,859,52.41,47.59,8409,251,19,288,3852,2888,1107,4,9.4,9.6
Quilaco,860,2888,22,29,2070,1575,52,122,4182,545,0.1302699543346095,Unidos Por La Dignidad,Independientes-Lista Xu,3,963,481,482,49.95,50.05,4440,193,15,179,1676,1709,657,11,9.6,10
Quilicura,60931,66324,837,2302,44389,81450,1603,4587,268706,14033,0.05222290357877869,Frente Amplio,Independientes-Lista Xs,1,49733,25225,24508,50.72,49.28,205624,5827,1395,9097,43685,83557,60775,1288,12.4,12.2
Quilleco,1470,6721,53,109,4851,3026,123,342,10006,1349,0.1348236293186302,Independientes,Independientes,3,2138,1040,1098,48.64,51.36,9700,440,34,370,3447,3883,1510,16,9.8,10.1
Quillon,3242,11185,128,184,8071,6179,270,634,19102,3050,0.159685311127159,Unidos Por La Dignidad,Partido Democrata Cristiano,3,4205,2065,2140,49.11,50.89,19165,771,55,734,6688,7152,3668,97,10.2,10.3
Quillota,24371,41314,363,1216,28418,35504,900,2821,99694,5282,0.05297922431878745,Independientes,Independientes,1,21216,10743,10473,50.64,49.36,96753,2381,658,4374,22715,36703,29187,735,12,12.1
Quilpue,50936,65699,741,2431,47112,67358,1291,4783,171137,9494,0.05547451853066231,Frente Amplio,Convergencia Social,1,34868,17529,17339,50.27,49.73,162559,3349,1000,6137,27815,59470,63438,1350,13.1,12.8
Quinchao,2271,3753,91,113,2155,3360,225,352,8223,1023,0.1243995669858368,Independientes,Independientes,2,1618,793,825,49.01,50.99,7678,215,34,257,3354,2415,1384,19,9.9,9.8
Quinta Normal,40112,40888,470,1409,29860,48812,758,2626,140381,3017,0.02149306262533348,Unidad Por El Apruebo,Partido Socialista De Chile,1,32075,16410,15665,51.16,48.84,129351,3633,737,5472,24717,54426,38953,1413,12.4,12.3
Quinta de Tilcoco,3758,7521,102,170,4847,5966,223,488,14134,1277,0.09036315425912916,Chile Vamos,Independientes-Lista Xx,3,2844,1371,1473,48.21,51.79,13558,506,93,551,4751,4960,2685,12,10.1,10.8
Quintero,9205,12771,175,517,8771,13527,340,1026,37691,2911,0.07722161790161494,Independientes,Independientes,1,7221,3628,3593,50.24,49.76,35754,1036,281,1626,8588,14026,9862,335,11.9,11.8
Quirihue,2346,6964,62,150,4734,4168,165,410,12228,950,0.07766195598490269,Unidad Por El Apruebo,Partido Radical De Chile,3,2446,1189,1257,48.61,51.39,11746,458,34,489,4404,3979,2374,8,9.8,10.5
Rancagua,68051,104817,855,2845,69048,99546,1681,6801,270994,17158,0.06331478989682579,Unidad Por El Apruebo,Partido Socialista De Chile,1,59433,30183,29250,50.78,49.22,257744,7515,1571,11042,57303,97593,81313,1407,12.3,12.2
Ranquil,1203,3899,28,77,2840,2176,90,184,6285,1054,0.1677266580250115,Chile Vamos,Renovacion Nacional,3,1477,722,755,48.88,51.12,6508,254,15,245,2573,2265,1144,12,9.8,10.1
Rauco,2177,6975,56,183,4753,4237,162,499,11557,1210,0.1046940775833883,Unidad Por El Apruebo,Partido Radical De Chile,3,2362,1151,1211,48.73,51.27,11266,481,45,556,4205,4034,1925,20,9.9,10.3
Recoleta,54029,58367,780,1943,39377,66532,1256,3659,195514,10048,0.05139075533829257,Chile Digno Verde Y Soberano,Partido Comunista De Chile,1,36238,18662,17576,51.5,48.5,154615,4397,943,6455,33921,66267,40956,1676,11.9,11.7
Renaico,1607,6707,50,105,4555,3455,169,337,10939,1365,0.1247576527893416,Independientes,Independientes,3,2185,1054,1131,48.24,51.76,10686,452,54,544,3923,3925,1754,34,9.9,10.3
Renca,48848,49966,586,1725,32467,62165,1163,3655,162638,8555,0.05259981245097571,Independientes,Independientes,1,32574,16483,16091,50.6,49.4,143622,4183,1160,7266,38034,62316,29755,908,11.3,11.1
Rengo,15343,29348,298,649,18460,25310,667,1841,65037,3534,0.05433068555487434,Unidad Por El Apruebo,Independientes-Lista K,1,13925,6934,6991,49.8,50.2,63620,2385,419,3034,19040,23670,14843,229,11,11.2
Requinoa,6153,15407,109,259,10562,10739,309,785,31219,930,0.02979123229974102,Unidad Por El Apruebo,Independientes-Lista K,2,6072,2907,3165,47.88,52.12,29508,1049,188,1426,9569,10409,6811,56,11,11.1
Retiro,2803,13716,102,194,10058,6271,283,717,21331,2599,0.1218370057800926,Chile Vamos,Renovacion Nacional,3,5028,2528,2500,50.28,49.72,22310,1016,102,926,9320,8037,2867,42,9.3,9.9
Rinconada,3241,5700,61,75,3848,5062,131,210,11739,953,0.08114642811420583,Chile Vamos,Independientes-Lista Xx,2,2581,1239,1342,48,52,11855,361,55,639,3407,4160,3194,39,11.7,11.9
Rio Bueno,6264,18891,173,331,12699,11550,427,1105,32950,1885,0.05719854029049724,Chile Vamos,Independientes-Lista Xx,3,7144,3484,3660,48.77,51.23,33363,1219,168,1256,11816,12177,6659,68,10.3,10.5
Rio Claro,2637,8830,76,152,6047,5156,235,534,14984,1409,0.0940344211187788,Chile Vamos,Renovacion Nacional,3,3144,1567,1577,49.84,50.16,14276,814,78,570,5817,5047,1895,55,9.2,9.7
Rio Hurtado,1131,2768,40,83,1766,1896,85,200,4327,336,0.07767953788425436,Independientes,Independientes,3,961,482,479,50.16,49.84,4334,262,12,126,1839,1485,605,5,9.2,9.3
Rio Ibanez,747,1459,17,29,1058,946,57,135,2705,189,0.06984797922222956,Chile Vamos,Union Democrata Independiente,3,587,315,272,53.66,46.34,2723,125,5,131,947,868,640,7,10.3,10.8
Rio Negro,2895,8274,61,156,5446,5225,173,467,14160,1177,0.08309811343413728,Chile Vamos,Renovacion Nacional,3,3031,1506,1525,49.69,50.31,13874,479,83,523,5010,5088,2629,62,10.3,10.3
Rio Verde,115,322,3,2,195,171,4,12,207,6,0.02818903550709916,Chile Vamos,Union Democrata Independiente,3,35,25,10,71.43,28.57,102,6,1,0,43,28,24,0,9.3,11.3
Romeral,3229,9700,74,164,6608,6157,211,577,16637,1273,0.07650278340054337,Unidad Por El Apruebo,Partido Socialista De Chile,2,3557,1701,1856,47.82,52.18,17233,735,71,837,6099,6073,3386,32,10.3,10.6
Saavedra,3145,6862,106,185,4289,5008,285,499,12717,3087,0.2427790507363581,Independientes,Independientes,3,2589,1291,1298,49.86,50.14,12877,711,34,480,5492,4670,1435,55,9.1,9.3
Sagrada Familia,4371,10706,89,145,7029,7623,282,572,19651,1722,0.08760605644640407,Chile Vamos,Union Democrata Independiente,3,4111,2064,2047,50.21,49.79,19427,800,112,938,7644,6926,2954,53,9.5,10
Salamanca,7541,12558,195,305,7442,11925,437,939,29631,2699,0.09107566551334263,Independientes,Independientes,2,5759,2729,3030,47.39,52.61,27823,975,123,1251,9566,10506,5307,95,10.5,10.8
San Antonio,34195,34167,394,1201,22134,44696,781,2794,97919,6493,0.06631099529915913,Independientes,Independientes,1,20475,10401,10074,50.8,49.2,96770,2927,646,4151,23822,41689,22946,589,11.5,11.6
San Bernardo,86645,110134,1125,3215,72548,117266,2200,7275,343570,20568,0.05986493034340202,Unidad Por El Apruebo,Partido Socialista De Chile,1,71457,35833,35624,50.15,49.85,306371,9947,2165,14671,75491,123927,77881,2289,11.8,11.7
San Carlos,8835,32613,222,585,23925,16397,608,1768,56782,7775,0.1369243569248478,Unidad Por El Apruebo,Partido Socialista De Chile,3,11802,5490,6312,46.52,53.48,55847,2488,326,2366,18500,21031,10938,198,10.4,10.7
San Clemente,8090,26170,207,454,17007,16449,489,1711,47340,4984,0.1052914243377955,Independientes,Independientes,1,9684,4757,4927,49.12,50.88,47380,2338,243,2164,17637,17240,7551,207,9.8,10.3
San Esteban,4730,9399,95,209,5694,8259,183,555,21340,1808,0.08472797179083451,Independientes,Independientes,2,4183,1978,2205,47.29,52.71,20112,627,84,873,5577,7575,5316,60,11.5,11.7
San Fabian,1193,3110,26,53,2314,1939,93,198,4738,709,0.1495704128715382,Chile Vamos,Renovacion Nacional,3,1055,520,535,49.29,50.71,5245,371,16,222,1653,1871,1106,6,10.3,10.7
San Felipe,20892,31658,373,859,20823,29999,700,2042,85576,6007,0.07020009159942014,Unidad Por El Apruebo,Independientes-Lista K,1,18164,9111,9053,50.16,49.84,80413,2243,591,3858,19460,31629,22162,470,11.9,12
San Fernando,19500,36799,289,807,24535,30155,682,2256,80197,5460,0.06808443290566933,Independientes,Independientes,2,15631,7353,8278,47.04,52.96,75585,2260,469,3594,19637,30403,18732,490,11.6,11.8
San Gregorio,107,260,5,6,146,150,5,7,662,53,0.08059834822323776,Unidos Por La Dignidad,Partido Democrata Cristiano,3,63,39,24,61.9,38.1,241,9,0,5,75,92,60,0,10.3,12.3
San Ignacio,2357,10947,61,146,8200,4872,202,533,16621,2616,0.1573774854850437,Independientes,Independientes,3,3960,1967,1993,49.67,50.33,17405,712,54,644,7113,6219,2616,47,9.5,9.9
San Javier,8655,27312,178,514,18591,16568,522,1656,50703,4921,0.09705000274390138,Unidos Por La Dignidad,Partido Democrata Cristiano,1,10242,5003,5239,48.85,51.15,49559,2014,381,2279,16734,18361,9559,231,10.4,10.7
San Joaquin,36580,31295,394,1345,21914,43186,698,2465,103586,5013,0.0483953477287964,Independientes,Independientes,1,22629,11327,11302,50.06,49.94,95602,2281,568,3777,19907,38820,29659,590,12.3,12
San Jose de Maipo,6782,7181,80,216,4618,8726,172,527,19211,901,0.04689598567114111,Unidad Por El Apruebo,Partido Radical De Chile,1,3646,1859,1787,50.99,49.01,17441,407,82,805,3808,6318,5872,149,12.3,12.5
San Juan de La Costa,2460,4373,52,97,2745,3844,116,347,7521,967,0.1285194389222041,Unidos Por La Dignidad,Partido Democrata Cristiano,3,1915,1014,901,52.95,47.05,7776,460,22,183,3726,2627,733,25,8.5,8.7
San Miguel,41200,41293,399,1156,32974,49732,792,2258,140870,3061,0.02172713863999223,Frente Amplio,Independientes-Lista Xs,1,42430,20299,22131,47.84,52.16,150829,3708,516,6421,20007,39647,79093,1437,14.4,14.1
San Nicolas,2488,8294,68,145,6117,4628,183,563,12365,1333,0.1077681430225962,Chile Vamos,Renovacion Nacional,3,3319,1670,1649,50.32,49.68,15099,663,58,615,5561,5455,2681,66,9.9,10.3
San Pablo,2616,6011,47,134,4061,4263,133,418,10546,1036,0.09825033302033162,Chile Vamos,Renovacion Nacional,3,2369,1175,1194,49.6,50.4,10883,392,68,414,4119,3848,2002,40,10,10.3
San Pedro,2234,5501,56,114,4025,3604,151,403,12336,1739,0.1409629534176342,Unidad Por El Apruebo,Partido Por La Democracia,1,2228,1152,1076,51.71,48.29,11108,615,26,437,4083,4419,1486,42,9.8,10.2
San Pedro de Atacama,2681,3211,32,108,1811,3910,100,249,10862,529,0.04873007866767889,Chile Digno Verde Y Soberano,Independientes-Lista M,1,2544,1203,1341,47.29,52.71,9843,420,26,541,2308,4030,2417,101,11.9,11.7
San Pedro de la paz,28453,56267,428,1092,39284,45865,991,2880,150780,8172,0.05419591293707465,Independientes,Independientes,2,34196,15994,18202,46.77,53.23,150992,4192,931,7705,32697,45225,59659,583,13.2,13
San Rafael,2026,6258,49,80,4145,3988,137,414,10231,1152,0.1126402723092326,Unidos Por La Dignidad,Partido Democrata Cristiano,1,2242,1113,1129,49.64,50.36,11230,536,45,494,4100,4066,1961,28,10.1,10.5
San Ramon,31979,34908,432,1279,21696,40298,819,2604,84926,5845,0.0688212635197568,Unidos Por La Dignidad,Partido Democrata Cristiano,1,16896,8682,8214,51.38,48.62,76002,2439,555,3026,20783,33975,14621,603,11,10.8
San Rosendo,1172,2356,18,37,1427,1849,49,146,3569,392,0.1097114228804065,Independientes,Independientes,3,813,392,421,48.22,51.78,3575,111,22,120,1099,1392,827,4,10.8,10.8
San Vicente,12922,24429,262,566,16022,20341,601,1555,51677,4754,0.09198570254079973,Unidad Por El Apruebo,Independientes-Lista K,3,10160,4889,5271,48.12,51.88,49559,1645,276,2113,15147,19376,10849,153,10.8,11.2
Santa Barbara,2251,8840,69,166,6406,4360,203,464,14648,2159,0.1474064808854524,Unidos Por La Dignidad,Partido Democrata Cristiano,1,2866,1374,1492,47.94,52.06,14075,677,47,633,4888,5236,2568,26,10.1,10.4
Santa Cruz,8553,20453,208,410,13990,14422,479,1194,42033,2817,0.06701959379957936,Chile Vamos,Independientes-Lista Xx,2,8727,4178,4549,47.87,52.13,41209,1504,190,1934,12039,15663,9790,89,11.1,11.4
Santa Juana,2637,8881,82,149,6172,5020,248,477,14855,1902,0.1280438568771017,Independientes,Independientes,3,3133,1505,1628,48.04,51.96,14947,693,82,642,5456,4881,3169,24,10.1,10.4
Santa Maria,3505,7646,91,138,4806,6175,171,474,16746,1490,0.08900295579648335,Unidad Por El Apruebo,Partido Por La Democracia,3,3015,1415,1600,46.93,53.07,15134,405,120,678,4686,6206,3001,38,10.6,11.1
Santiago,106990,124140,1446,3240,94523,132978,2526,6412,530538,20504,0.03864781172163236,Chile Digno Verde Y Soberano,Partido Comunista De Chile,1,149299,79010,70289,52.92,47.08,438856,10326,1177,14535,53186,133702,222369,3561,13.9,14.1
Santo Domingo,3518,7678,76,159,6307,5125,121,382,12364,739,0.05978177660742861,Chile Vamos,Renovacion Nacional,2,2907,1365,1542,46.96,53.04,13171,354,46,645,3187,4025,4801,113,12.5,12.7
Sierra Gorda,501,1029,5,18,408,690,7,37,1790,38,0.02106018445872439,Independientes,Independientes,1,357,158,199,44.26,55.74,1472,69,2,83,392,669,241,16,11.4,11.1
Talagante,22234,31471,282,781,21714,30988,698,1771,84153,5268,0.06260472900926935,Unidad Por El Apruebo,Partido Socialista De Chile,1,16844,8649,8195,51.35,48.65,76429,2293,464,3657,18488,29797,21156,574,12,12
Talca,59243,104224,778,2128,72424,87347,1909,5765,240239,13759,0.05727019677776846,Chile Vamos,Renovacion Nacional,1,55104,27411,27693,49.74,50.26,232131,6735,1305,10886,51714,82917,77348,1226,12.4,12.5
Talcahuano,39365,71977,582,1896,46553,59925,1265,4332,158184,8040,0.0508274311371509,Chile Vamos,Union Democrata Independiente,1,31888,16061,15827,50.37,49.63,147322,3857,931,5888,30289,53519,52505,333,12.7,12.3
Taltal,3361,4530,60,120,2582,4921,145,363,13892,1595,0.1148022160931823,Independientes,Independientes,1,2635,1341,1294,50.89,49.11,12097,393,48,538,3391,5478,2189,60,11,11.3
Temuco,61323,139628,1079,2654,97818,97249,2462,7026,307099,26372,0.08587311346858956,Unidad Por El Apruebo,Partido Por La Democracia,1,72075,35433,36642,49.16,50.84,292518,7302,1334,13465,59458,99792,109081,2086,12.9,12.9
Teno,5608,17588,119,387,12287,10652,327,1022,31493,2374,0.0753906417667139,Independientes,Independientes,3,6421,3191,3230,49.7,50.3,30113,1455,135,1304,11469,11083,4619,48,9.6,10.1
Teodoro Schmidt,2755,9171,118,205,6527,4824,306,546,15767,3143,0.1993382101295594,Chile Vamos,Union Democrata Independiente,3,3330,1674,1656,50.27,49.73,15639,674,50,578,6825,5531,1955,26,9.3,9.5
Tierra Amarilla,3542,6829,72,213,3723,5929,197,542,14407,990,0.06874896010670549,Chile Digno Verde Y Soberano,Partido Comunista De Chile,1,2655,1369,1286,51.56,48.44,11846,446,44,634,3794,5280,1611,37,10.4,10.5
Tiltil,5258,8333,80,252,5950,7570,142,469,22110,1339,0.06056984286123209,Frente Amplio,Revolucion Democratica,1,4254,2163,2091,50.85,49.15,19742,637,53,1078,5344,7643,4933,54,11.5,11.6
Timaukel,49,160,0,3,82,56,1,5,265,17,0.06433886185884925,Independientes,Independientes,1,46,27,19,58.7,41.3,157,6,0,8,43,39,61,0,11.5,13.8
Tirua,1725,5874,50,136,3994,2977,188,500,11078,2225,0.2008124298944406,Independientes,Independientes,1,2196,1034,1162,47.09,52.91,10208,679,22,417,4373,3077,1633,7,9.3,9.8
Tocopilla,6787,10094,95,376,5255,10722,214,842,28296,2951,0.1042763665480032,Independientes,Independientes,1,5620,2885,2735,51.33,48.67,25400,608,179,1271,6617,11785,4846,94,11.4,11.4
Tolten,1842,6181,44,106,4178,3458,180,358,9981,1676,0.1678913118682342,Chile Vamos,Union Democrata Independiente,3,2238,1114,1124,49.78,50.22,10041,427,28,372,4146,3568,1495,5,9.5,9.8
Tome,14311,28969,266,639,18374,23631,597,1741,58999,4706,0.07976940720072444,Unidos Por La Dignidad,Partido Democrata Cristiano,3,11824,5461,6363,46.19,53.81,56907,1670,289,2118,15062,21791,15903,74,11.6,11.6
Torres del Paine,345,774,9,16,396,483,28,32,1057,56,0.05271174535144489,Independientes,Independientes,2,63,33,30,52.38,47.62,203,6,0,7,42,72,76,0,11.5,13.5
Tortel,171,236,3,8,125,242,5,25,574,26,0.04592469714109936,Unidad Por El Apruebo,Independientes-Lista K,1,136,71,65,52.21,47.79,505,27,0,32,154,153,139,0,11.1,11.9
Traiguen,3222,11588,102,182,8004,6095,271,598,19278,2727,0.1414555179852079,Unidad Por El Apruebo,Independientes-Lista K,3,3872,1841,2031,47.55,52.45,18873,860,99,924,6690,6807,3352,141,10,10.3
Trehuaco,1191,4132,31,43,2886,2058,96,206,5747,985,0.1714588534791126,Independientes,Independientes,3,1341,692,649,51.6,48.4,6124,239,18,263,2550,2032,1016,6,9.5,10.1
Tucapel,2767,8793,70,181,6370,4993,206,537,15340,1680,0.1095376758567159,Chile Vamos,Renovacion Nacional,3,3180,1533,1647,48.21,51.79,15729,464,83,714,5241,6187,3000,40,10.5,10.7
Valdivia,50343,69315,845,1684,46236,69479,1725,4128,180022,6170,0.03427153340337798,Frente Amplio,Revolucion Democratica,1,41207,20693,20514,50.22,49.78,170043,3494,843,7737,35009,60676,61139,1145,12.7,12.7
Vallenar,14794,23189,325,712,13842,22812,635,1801,57266,6143,0.1072782589700814,Independientes,Independientes,1,11114,5600,5514,50.39,49.61,54222,1948,431,2608,13812,23256,11801,366,11.4,11.4
Valparaiso,110326,111824,1400,4235,74393,135505,2611,8870,318916,23524,0.0737638728625354,Independientes,Independientes,1,67852,34794,33058,51.28,48.72,284938,6309,2038,10571,54737,110136,98601,2546,12.6,12.5
Vichuquen,1363,3061,35,43,2116,1865,104,204,4348,379,0.08721674240505135,Independientes,Independientes,3,1074,539,535,50.19,49.81,4716,175,9,181,1865,1493,979,14,10,10.5
Victoria,5224,21404,141,339,15196,9986,399,1111,35534,5099,0.1434975133541408,Independientes,Independientes,3,6901,3220,3681,46.66,53.34,34464,1255,179,1649,10817,13040,7424,100,10.9,11
Vicuna,7404,13433,183,355,8016,11872,389,1038,30247,3301,0.1091485858372039,Unidos Por La Dignidad,Partido Democrata Cristiano,1,5800,2875,2925,49.57,50.43,28047,955,95,1238,8341,11725,5528,165,10.8,11.1
Vilcun,4591,16119,149,356,10967,9361,365,967,31949,3742,0.1171375768691899,Chile Vamos,Renovacion Nacional,1,6495,3156,3339,48.59,51.41,31575,1137,142,1487,10575,11928,6221,85,10.6,10.8
Villa Alegre,2732,9841,86,190,6514,5796,188,637,17835,1743,0.09774061287489391,Chile Vamos,Independientes-Lista Xx,3,3665,1768,1897,48.24,51.76,17919,605,88,930,6655,6440,3111,90,10,10.4
Villa Alemana,37610,51546,521,1953,37993,51590,1033,3834,144303,6411,0.04442612322411763,Independientes,Independientes,1,30444,15031,15413,49.37,50.63,139571,3234,988,5683,25302,51155,52460,749,13.1,12.8
Villarrica,14251,32929,295,885,24234,22524,750,2127,60093,4612,0.07674309015865927,Independientes,Independientes,2,14105,6647,7458,47.13,52.87,67737,2158,249,3335,18715,25158,17681,441,11.6,11.8
Vina del Mar,105823,141864,1643,4186,102759,136251,3282,8279,367792,23824,0.06477586261320568,Frente Amplio,Revolucion Democratica,1,80393,40493,39900,50.37,49.63,334871,7106,1945,12316,57232,114685,139115,2472,13.3,13
Vitacura,9801,60890,245,606,53365,14169,477,1207,97546,869,0.008910462349418486,Chile Vamos,Evolucion Politica,2,17802,8329,9473,46.79,53.21,86420,1916,181,4955,9508,12120,56735,1005,16.7,15.5
Yerbas Buenas,2829,11474,68,184,7987,6281,206,712,19576,2265,0.1156975900531806,Unidos Por La Dignidad,Independientes-Lista Xu,3,4226,2073,2153,49.05,50.95,20035,932,89,838,8390,6982,2746,58,9.3,9.8
Yumbel,4310,13334,130,255,8889,8336,347,795,22180,2786,0.1255900304518519,Independientes,Independientes,3,5115,2469,2646,48.27,51.73,23170,1100,77,781,7853,8677,4650,32,10.3,10.4
Yungay,4206,10207,115,229,7001,7168,275,714,18748,2031,0.1083309460468144,Unidad Por El Apruebo,Partido Socialista De Chile,3,4143,2080,2063,50.21,49.79,18680,625,70,787,6074,7424,3641,59,10.6,10.6
Zapallar,2831,5698,42,106,4676,3786,98,257,8234,355,0.04306437608327314,Chile Vamos,Independientes-Lista Xx,2,1673,820,853,49.01,50.99,7980,220,20,409,2206,2794,2279,52,11.7,11.8
